{
  "SnCl6": {
    "wavenumbers": [
      290.84,
      228.5,
      152.4
    ],
    "intensities": [
      417.0,
      13.89,
      90.5
    ]
  },
  "SnBr6": {
    "wavenumbers": [
      174.59,
      135.64,
      95.51
    ],
    "intensities": [
      1968.58,
      61.18,
      173.52
    ]
  },
  "SnCl5Br": {
    "wavenumbers": [
      290.27,
      288.23,
      259.8,
      227.8,
      175.58,
      151.92,
      149.15,
      146.45,
      135.58
    ],
    "intensities": [
      253.29,
      7.4,
      182.98,
      11.13,
      32.83,
      19.869999999999997,
      24.22,
      11.02,
      49.26
    ]
  },
  "SnCl4Br2 (cis)": {
    "wavenumbers": [
      287.73,
      284.61,
      244.01,
      184.28,
      165.97,
      149.36,
      146.34,
      138.48,
      123.95,
      122.93
    ],
    "intensities": [
      239.22,
      5.84,
      223.61,
      223.61,
      5.35,
      12.59,
      22.31,
      28.69,
      35.17,
      18.88
    ]
  },
  "SnCl4Br2 (trans)": {
    "wavenumbers": [
      266.05809,
      227.36,
      149.22,
      146.27,
      127.51
    ],
    "intensities": [
      510.16,
      16.53,
      60.2,
      21.11,
      86.7
    ]
  },
  "SnCl3Br3 (fac)": {
    "wavenumbers": [
      285.14,
      268.06,
      196.28,
      164.73,
      145.3,
      136.29,
      118.95,
      107.27,
      81.12
    ],
    "intensities": [
      240.45,
      8.27,
      494.54,
      24.4,
      27.96,
      29.18,
      41.64,
      46.22,
      19.16
    ]
  },
  "SnCl3Br3 (mer)": {
    "wavenumbers": [
      281.75,
      276.58,
      243.85,
      213.16,
      178.03,
      145.59,
      141.91,
      137.33,
      131.16,
      124.04
    ],
    "intensities": [
      2.46,
      177.25,
      334.36,
      8.63,
      175.12,
      48.14,
      15.39,
      2.56,
      6.91,
      36.9
    ]
  },
  "SnCl2Br4(cis)": {
    "wavenumbers": [
      276.38,
      210.44,
      190.86,
      163.79,
      143.65,
      135.95,
      132.34,
      114.97,
      106.39,
      102.2
    ],
    "intensities": [
      198.27,
      15.21,
      647.7,
      18.38,
      52.76,
      16.18,
      6.03,
      39.46,
      32.07,
      45.68
    ]
  },
  "SnCl2Br4 (trans)": {
    "wavenumbers": [
      244.76,
      161.6,
      135.91,
      121.36,
      100.57
    ],
    "intensities": [
      559.22,
      301.5,
      6.74,
      64.5,
      68.42
    ]
  },
  "SnCl1Br5": {
    "wavenumbers": [
      268.54,
      208.14,
      184.37,
      150.98,
      135.81,
      123.88,
      109.06,
      101.27,
      97.69
    ],
    "intensities": [
      122.58,
      14.5,
      845.04,
      109.05,
      13.32,
      19.24,
      10.73,
      66.04,
      60.49
    ]
  }
}